"order","id","slug","title","readiness","changed_fields","changed_field_count","risk","drift","conflicts","warnings","unresolved_fields","becomes_historical","slug_semantically_stale"
"1","batch-tandas-libres-ricardo-tormo-racing100-2026-07-19","tandas-libres-ricardo-tormo-racing100-2026-07-19","Tandas libres Ricardo Tormo Racing100 julio 2026","ready_with_warnings","[""address"",""confidence_score"",""image_source_url"",""long_description"",""needs_review"",""official_url"",""organizer_url"",""registration_url"",""schedule_text"",""source"",""source_type"",""source_url"",""verified_at""]","13","low","[]","[]","[""3 campos o decisiones siguen sin resolver.""]","[""latitude"",""longitude"",""image_url""]","false","false"
"2","baja-espana-aragon-fia-wbc-2026-07-24","baja-espana-aragon-fia-wbc-2026-07-24","Baja España Aragón - FIA WBC","ready_with_warnings","[""confidence_score"",""country"",""event_status"",""image_source_url"",""long_description"",""needs_review"",""official_url"",""organizer_name"",""organizer_url"",""schedule_text"",""short_description"",""source"",""source_type"",""source_url"",""verified_at""]","15","low","[]","[]","[""5 campos o decisiones siguen sin resolver.""]","[""registration_url"",""address"",""latitude"",""longitude"",""image_url""]","false","false"
"3","rfme-campeonato-de-espana-de-freestyle-puerto-de-santa-maria-2026-07-24","campeonato-de-espana-de-freestyle-puerto-de-santa-maria-2026-07-24","Campeonato de España de Freestyle - Puerto de Santa María","ready_with_warnings","[""address"",""confidence_score"",""country"",""event_status"",""image_source_url"",""long_description"",""needs_review"",""official_url"",""organizer_name"",""organizer_url"",""registration_url"",""schedule_text"",""short_description"",""source"",""source_type"",""source_url"",""venue"",""verified_at""]","18","low","[]","[]","[""3 campos o decisiones siguen sin resolver.""]","[""latitude"",""longitude"",""image_url""]","false","false"
"4","batch-karting-outeiro-de-rei-2026-07-24","karting-outeiro-de-rei-2026-07-24","6.º Karting Outeiro de Rei 2026","ready_with_warnings","[""championship"",""confidence_score"",""image_source_url"",""long_description"",""needs_review"",""official_url"",""registration_url"",""schedule_text"",""short_description"",""source"",""source_url"",""title"",""venue"",""verified_at""]","14","medium","[]","[]","[""5 campos o decisiones siguen sin resolver.""]","[""address"",""latitude"",""longitude"",""image_url"",""organizer_operational""]","false","false"
"5","batch-rallymix-ribadumia-2026-07-24","rallymix-ribadumia-2026-07-24","V Rallymix Concello de Ribadumia 2026","ready_with_warnings","[""championship"",""confidence_score"",""image_source_url"",""long_description"",""needs_review"",""official_url"",""organizer_name"",""registration_url"",""schedule_text"",""short_description"",""source"",""source_url"",""title"",""venue"",""verified_at""]","15","medium","[]","[]","[""5 campos o decisiones siguen sin resolver.""]","[""organizer_url"",""address"",""latitude"",""longitude"",""image_url""]","false","false"
"6","batch-boiromotos-2026-07-24","boiromotos-2026-07-24","Boiromotos 2026","ready_with_warnings","[""confidence_score"",""image_source_url"",""long_description"",""official_url"",""organizer_name"",""organizer_url"",""registration_url"",""short_description"",""source"",""source_type"",""source_url"",""verified_at""]","12","low","[]","[]","[""5 campos o decisiones siguen sin resolver.""]","[""exact_event_address"",""latitude"",""longitude"",""full_schedule_text"",""image_url""]","false","false"
"7","batch-xvi-concentracion-ruedas-raras-toro-2026-07-24","xvi-concentracion-ruedas-raras-toro-2026-07-24","XVI Concentración Motera Ruedas Raras Toro 2026","ready_with_warnings","[""confidence_score"",""image_source_url"",""long_description"",""needs_review"",""official_url"",""organizer_name"",""organizer_url"",""registration_url"",""schedule_text"",""short_description"",""source"",""source_type"",""source_url"",""title"",""verified_at""]","15","medium","[]","[]","[""4 campos o decisiones siguen sin resolver.""]","[""exact_event_address"",""latitude"",""longitude"",""image_url""]","false","false"
"8","pujada-alp-2500-2026-07-25","pujada-alp-2500-2026-07-25","XV Pujada Alp 2500 2026","ready_with_warnings","[""address"",""confidence_score"",""end_date"",""image_source_url"",""long_description"",""needs_review"",""official_url"",""organizer_name"",""organizer_url"",""schedule_text"",""short_description"",""source"",""source_type"",""source_url"",""start_date"",""title"",""venue"",""verified_at""]","18","high","[]","[]","[""El slug conserva la fecha anterior 2026-07-25."",""4 campos o decisiones siguen sin resolver."",""La corrección de fechas hará que el evento pase a histórico.""]","[""latitude"",""longitude"",""image_url"",""event_status_enum_for_completed""]","true","true"
"9","batch-rallysprint-betancuria-2026-07-25","rallysprint-betancuria-2026-07-25","XIII Subida a Betancuria 2026","ready_with_warnings","[""address"",""championship"",""confidence_score"",""discipline"",""image_source_url"",""long_description"",""needs_review"",""official_url"",""organizer_name"",""organizer_url"",""registration_url"",""schedule_text"",""short_description"",""source"",""source_type"",""source_url"",""title"",""venue"",""verified_at""]","19","medium","[]","[]","[""El slug conserva la disciplina anterior Rallysprint."",""El slug conserva una identidad anterior del evento."",""4 campos o decisiones siguen sin resolver.""]","[""latitude"",""longitude"",""image_url"",""precise_start_finish_points""]","false","true"
"10","batch-x-subida-la-pizarra-2026-07-25","x-subida-la-pizarra-2026-07-25","X Subida de La Pizarra 2026","ready_with_warnings","[""confidence_score"",""image_source_url"",""long_description"",""needs_review"",""official_url"",""organizer_name"",""organizer_url"",""registration_url"",""schedule_text"",""short_description"",""source"",""source_type"",""source_url"",""verified_at""]","14","low","[]","[]","[""5 campos o decisiones siguen sin resolver.""]","[""exact_event_address"",""latitude"",""longitude"",""image_url"",""full_program_from_regulation""]","false","false"
"11","batch-tt-cierru-los-pinos-2026-07-25","tt-cierru-los-pinos-2026-07-25","TT Cierru Los Pinos 2026","ready_with_warnings","[""address"",""confidence_score"",""image_source_url"",""long_description"",""official_url"",""organizer_name"",""organizer_url"",""schedule_text"",""short_description"",""source"",""source_type"",""source_url"",""verified_at""]","13","low","[]","[]","[""5 campos o decisiones siguen sin resolver.""]","[""registration_url"",""latitude"",""longitude"",""image_url"",""detailed_program""]","false","false"
"12","batch-la-reconquista-motera-2026-07-25","la-reconquista-motera-2026-07-25","II Concentración Motera La Reconquista 2026","ready_with_warnings","[""address"",""confidence_score"",""image_source_url"",""long_description"",""official_url"",""organizer_name"",""organizer_url"",""registration_url"",""schedule_text"",""short_description"",""source"",""source_url"",""title"",""venue"",""verified_at""]","15","medium","[]","[]","[""3 campos o decisiones siguen sin resolver.""]","[""latitude"",""longitude"",""image_url""]","false","false"
"13","batch-xiii-concentracion-vehiculos-clasicos-ciudad-sagunto-2026-07-26","xiii-concentracion-vehiculos-clasicos-ciudad-sagunto-2026-07-26","XII Concentración de Coches y Motos Clásicos Ciudad de Sagunto 2026","ready_with_warnings","[""address"",""championship"",""confidence_score"",""image_source_url"",""long_description"",""needs_review"",""official_url"",""organizer_name"",""organizer_url"",""schedule_text"",""short_description"",""source"",""source_type"",""source_url"",""title"",""verified_at""]","16","medium","[]","[]","[""El slug conserva la edición anterior del título."",""4 campos o decisiones siguen sin resolver.""]","[""registration_url"",""latitude"",""longitude"",""image_url""]","false","true"
"14","batch-enduro-comunidad-madrid-ibio-2026-07-26","enduro-comunidad-madrid-ibio-2026-07-26","XI Enduro Cueva del Oso – Sierra de Ibio 2026","ready_with_warnings","[""championship"",""confidence_score"",""image_source_url"",""long_description"",""official_url"",""organizer_name"",""registration_url"",""schedule_text"",""short_description"",""source"",""source_url"",""title"",""venue"",""verified_at""]","14","medium","[]","[]","[""null_no_borra:organizer_name"",""null_no_borra:organizer_url"",""El slug conserva una identidad anterior del evento."",""6 campos o decisiones siguen sin resolver."",""Contiene una limpieza explícita sujeta a precondición.""]","[""local_organizer"",""exact_event_address"",""latitude"",""longitude"",""image_url"",""sunday_start_time""]","false","true"
"15","batch-tandas-libres-curso-circuito-navarra-eventos-ceni-2026-07-26","tandas-libres-curso-circuito-navarra-eventos-ceni-2026-07-26","Tandas libres y curso Eventos Ceni – Circuito de Navarra 2026","ready_with_warnings","[""address"",""championship"",""confidence_score"",""image_source_url"",""long_description"",""needs_review"",""official_url"",""organizer_url"",""registration_url"",""schedule_text"",""short_description"",""source"",""source_type"",""source_url"",""title"",""verified_at""]","16","medium","[]","[]","[""3 campos o decisiones siguen sin resolver.""]","[""latitude"",""longitude"",""image_url""]","false","false"
"16","batch-tandas-libres-curso-jarama-easyrace-2026-07-26","tandas-libres-curso-jarama-easyrace-2026-07-26","Tandas libres y curso EasyRace – Jarama 2026","ready_with_warnings","[""address"",""championship"",""confidence_score"",""image_source_url"",""long_description"",""official_url"",""organizer_name"",""organizer_url"",""schedule_text"",""short_description"",""source"",""source_type"",""source_url"",""ticket_url"",""title"",""venue"",""verified_at""]","17","medium","[]","[]","[""5 campos o decisiones siguen sin resolver.""]","[""participant_registration_url"",""latitude"",""longitude"",""image_url"",""exact_briefing_and_track_schedule""]","false","false"
"17","batch-enduro-indoor-andalucia-olvera-2026-07-26","enduro-indoor-andalucia-olvera-2026-07-26","I Enduro Indoor Ciudad de Olvera 2026","ready_with_warnings","[""address"",""championship"",""confidence_score"",""end_date"",""image_source_url"",""long_description"",""needs_review"",""official_url"",""organizer_name"",""schedule_text"",""short_description"",""source"",""source_url"",""start_date"",""title"",""venue"",""verified_at""]","17","medium","[]","[]","[""null_no_borra:organizer_url"",""El slug conserva la fecha anterior 2026-07-26."",""5 campos o decisiones siguen sin resolver.""]","[""ticket_url"",""organizer_url"",""latitude"",""longitude"",""image_url""]","false","true"
"18","batch-campionato-galego-de-velocidade-a-madalena-julio-2026-07-26","campionato-galego-de-velocidade-a-madalena-julio-2026-07-26","Campionato Galego de Velocidade – A Madalena II 2026","ready_with_warnings","[""championship"",""confidence_score"",""image_source_url"",""long_description"",""needs_review"",""official_url"",""organizer_name"",""registration_url"",""schedule_text"",""short_description"",""source_type"",""source_url"",""title"",""venue"",""verified_at""]","15","medium","[]","[]","[""null_no_borra:organizer_url"",""6 campos o decisiones siguen sin resolver.""]","[""organizer_url"",""exact_event_address"",""latitude"",""longitude"",""image_url"",""competition_schedule""]","false","false"
"19","batch-xix-rallye-blendio-cristian-lopez-2026-07-31","xix-rallye-blendio-cristian-lopez-2026-07-31","XIX Rallye Blendio Cristian López 2026","ready_with_warnings","[""championship"",""confidence_score"",""image_source_url"",""long_description"",""official_url"",""organizer_url"",""registration_url"",""schedule_text"",""short_description"",""source"",""source_type"",""source_url"",""venue"",""verified_at""]","14","low","[]","[]","[""4 campos o decisiones siguen sin resolver.""]","[""single_exact_address"",""latitude"",""longitude"",""image_url""]","false","false"
"20","batch-xiv-concentracion-clasicos-coches-motos-alto-ason-2026-08-01","xiv-concentracion-clasicos-coches-motos-alto-ason-2026-08-01","XIV Concentración de Coches y Motos Clásicas del Alto Asón 2026","ready_with_warnings","[""confidence_score"",""image_source_url"",""long_description"",""organizer_name"",""organizer_url"",""schedule_text"",""short_description"",""source"",""source_type"",""source_url"",""title"",""venue"",""verified_at""]","13","medium","[]","[]","[""null_no_borra:official_url"",""8 campos o decisiones siguen sin resolver.""]","[""official_event_page"",""registration_url"",""exact_event_address"",""latitude"",""longitude"",""image_url"",""full_sunday_schedule"",""contact_phone_confirmation""]","false","false"
